{"playerPosition":{"x":124.08999633789063,"y":92.83999633789063}}